,,,,,,,,
,,,,Price list,,,,
,,,,,,,,
,,,,,,,,
,,,,,,,,
,,All prices are Including  VAT ,,,,,,
,,,,,,,,
,,,,,,,,
,,,,,,,,
,House ,Bungalow,2 bed Hosue,3 bed house,4 bed House,5 bed House,Town House / 3 Stories,5 and above
,,,,,,,,
,Style,Terrece,Terrece,Terrece,Terrece,Terrece,Terrece,Terrece
Extra's,Joint repairs,£65.00,£65.00,£65.00,£65.00,£65.00,£80.00,£65.00
,Garage,£40.00,£40.00,£40.00,£40.00,£40.00,£40.00,£40.00
,Conservatory,£40.00,£40.00,£40.00,£40.00,£40.00,£40.00,£40.00
,Exstenstions,£40.00,£40.00,£40.00,£40.00,£40.00,£40.00,£40.00
,Bronze,£89.00,£69.00,£69.00,£79.00,£99.00,£129.00,BY QUOTE
,Style,Semi Det,Semi Det,Semi Det,Semi Det,Semi Det,Semi Det,Semi Det
,Bronze,£99.00,£69.00,£79.00,£89.00,£99.00,£139.00,BY QUOTE
,Style,Detached ,Detached ,Detached ,Detached ,Detached ,Detached ,Detached 
,Bronze,£119.00,£79.00,£89.00,£99.00,£119.00,£149.00,BY QUOTE
,Style,Bungalow,Bungalow ,Bunglalow,Bungalow,Bungalow,,
,Bronze,, £79.00 , £89.00 , £99.00 , £109.00 ,BY QUOTE,BY QUOTE
,Style,Town House,Town House,Town House,Town House,Town House,,
,Bronze,0, N/a , £129 , £139 ,BY QUOTE,BY QUOTE, BY QUOTE 
